{
      "SortedWordsInTitle": [
            "Green",
            "Sound",
            "|",
            "y",
            "se",
            "of",
            "los",
            "hace",
            "en",
            "el"
      ],
      "SortedWordCountsInTitle": [
            3,
            2,
            1,
            1,
            1,
            1,
            1,
            1,
            1,
            1
      ],
      "SortedScoringForWords": [
            24153.0,
            37376.0,
            40255.99999999999,
            40255.99999999999,
            40255.99999999999,
            40255.99999999999,
            40255.99999999999,
            18688.0,
            18688.0,
            18688.0
      ],
      "SortedTags": [
            "the green",
            "sleep sounds",
            "screen",
            "green fits"
      ],
      "SortedTagCounts": [
            1,
            1,
            1,
            1
      ],
      "SortedScoringForTags": [
            18688.0,
            4173.0,
            1672.0,
            1292.0
      ],
      "SortedColors": [
            "(0, 0, 0)",
            "(0, 250, 0)",
            "(150, 225, 200)",
            "(175, 225, 200)",
            "(250, 250, 250)",
            "(0, 25, 0)",
            "(225, 225, 175)",
            "(200, 225, 200)",
            "(0, 50, 0)",
            "(225, 225, 150)",
            "(225, 200, 150)",
            "(0, 75, 0)",
            "(200, 125, 125)",
            "(200, 225, 175)",
            "(0, 25, 25)",
            "(250, 250, 0)",
            "(200, 175, 150)",
            "(0, 50, 25)",
            "(25, 125, 25)",
            "(225, 225, 200)",
            "(175, 175, 200)",
            "(0, 75, 25)",
            "(200, 200, 200)",
            "(150, 150, 150)",
            "(125, 100, 75)",
            "(225, 200, 175)"
      ],
      "SortedColorCounts": [
            265747,
            125760,
            18320,
            16475,
            15571,
            14405,
            12472,
            11937,
            11375,
            8865,
            7758,
            6675,
            6471,
            6394,
            6382,
            6166,
            6153,
            6124,
            5605,
            5571,
            5543,
            5391,
            5379,
            5336,
            5268,
            5103
      ],
      "SortedColorScores": [
            4324060270.0,
            162481920.0,
            76521935.0,
            69528165.0,
            301684897.0,
            247880291.0,
            52027060.0,
            57634540.0,
            195875840.0,
            36651330.0,
            33824278.0,
            124742400.0,
            30765030.0,
            28265325.0,
            82823920.0,
            10309552.0,
            43600285.0,
            114394264.0,
            104746240.0,
            28447691.0,
            39487080.0,
            100747008.0,
            136997375.0,
            149113300.99999997,
            172404255.99999997,
            24992244.0
      ]
}