{
      "SortedWordsInTitle": [
            "Thunder",
            "\u0438",
            "War",
            "Tank",
            "\ud83d\udca5\ud83d\udca5\ud83d\udca537MM",
            "\u0421\u044324\u041c",
            "\u041e\u0422\u0412\u0415\u0422",
            "\u041d\u041e\u0412\u042b\u0415",
            "\u041c\u041e\u0429\u041d\u042b\u0419",
            "\u0417\u0410\u041f\u0410\u0414\u041d\u042b\u0419"
      ],
      "SortedWordCountsInTitle": [
            3,
            2,
            2,
            2,
            1,
            1,
            1,
            1,
            1,
            1
      ],
      "SortedScoringForWords": [
            9282.0,
            8314.0,
            2082.0,
            1488.0,
            7200.000000000001,
            7200.000000000001,
            7200.000000000001,
            7200.000000000001,
            7200.000000000001,
            7200.000000000001
      ],
      "SortedTags": [
            "war thunder",
            "wartube"
      ],
      "SortedTagCounts": [
            2,
            1
      ],
      "SortedScoringForTags": [
            8314.0,
            744.0
      ],
      "SortedColors": [
            "(0, 0, 0)",
            "(250, 250, 200)",
            "(250, 250, 250)",
            "(50, 50, 50)",
            "(100, 100, 100)",
            "(200, 200, 200)",
            "(150, 150, 150)",
            "(100, 100, 150)",
            "(250, 250, 150)",
            "(50, 100, 100)",
            "(250, 200, 150)",
            "(200, 250, 250)",
            "(200, 200, 150)",
            "(100, 150, 150)",
            "(200, 200, 250)",
            "(150, 150, 200)",
            "(250, 200, 200)",
            "(250, 200, 100)",
            "(150, 150, 100)",
            "(150, 200, 250)",
            "(150, 100, 100)",
            "(150, 200, 200)",
            "(200, 150, 150)",
            "(50, 50, 100)",
            "(200, 150, 100)",
            "(200, 100, 50)",
            "(50, 200, 50)",
            "(0, 100, 100)",
            "(0, 200, 200)",
            "(0, 50, 50)",
            "(100, 100, 50)",
            "(50, 50, 0)",
            "(100, 50, 50)",
            "(250, 150, 50)",
            "(250, 0, 0)",
            "(0, 150, 150)",
            "(250, 150, 100)",
            "(200, 200, 100)",
            "(200, 50, 50)",
            "(250, 200, 0)",
            "(0, 0, 50)",
            "(50, 0, 0)",
            "(100, 150, 200)",
            "(150, 100, 50)"
      ],
      "SortedColorCounts": [
            236553,
            125534,
            68833,
            56717,
            45465,
            39802,
            34542,
            26587,
            21955,
            21333,
            19123,
            14910,
            11494,
            10735,
            8631,
            8285,
            8278,
            7383,
            6211,
            5642,
            5257,
            5165,
            4900,
            4815,
            4257,
            3976,
            3498,
            3259,
            3228,
            2981,
            2637,
            2538,
            2300,
            2182,
            2023,
            1942,
            1915,
            1675,
            1648,
            1583,
            1335,
            1241,
            1168,
            1124
      ],
      "SortedColorScores": [
            600445393.0,
            140408899.0,
            114292744.0,
            288361517.0,
            126622336.0,
            67701263.0,
            54443785.0,
            36590830.0,
            24511844.0,
            103741723.0,
            20920806.0,
            21462824.0,
            19538204.0,
            16611359.0,
            14910118.0,
            12143305.0,
            10456049.0,
            8170859.0,
            11431667.0,
            7924164.0,
            6861324.0,
            10419244.0,
            6224736.0,
            13576997.0,
            5711499.0,
            4432559.0,
            2602512.0,
            23464800.000000004,
            23241600.000000004,
            18974298.0,
            7345453.0,
            11718023.0,
            4251754.0,
            2430748.0,
            2224153.0,
            13982400.000000002,
            2125000.0,
            6907623.0,
            1443820.0,
            1763462.0,
            7404698.0,
            3004343.0,
            1995180.0,
            1765279.0
      ]
}